id_PODLCA,Name_generic,Reference Unit,Description,density,Stored Carbon C02eq/kg,acp_mfg,eup_mfg,GWPf_mfg,GWPb_mfg,GWP-LULUC,odp_mfg,smg_mfg,,
0,None,kg,"This entry acts as a dummy material, carrying no environmental impacts, for use in cases when there is ""no finish"" or ""no added material"" designated.",0.000,0.000,0,0,0.000,0.000,,0,0,,
1,"Steel, reinforcing rod",kg,Common unfinished tempered steel rod suitable for structural reinforcement (rebar),7850.000,0.000,0.00804,0.000242,1.910,-0.010,,-8.61E-09,0.0953,,
2,"Steel, welded wire mesh",kg,Steel rods further processed into wires appropriate for welded wire mesh reinforcement,7850.000,0.000,0.00789,0.000285,2.620,-0.010,,-1.22E-08,0.102,,
3,"Lightweight concrete, 3000 psi, 0% fly ash and slag",kg,"Lightweight concrete, 3000 psi, 0% fly ash and slag. Mix design matches National Ready-Mix Concrete Association (NRMCA) Industry-wide EPD.",1915.243,0.000,0.001253727,4.78E-05,0.284,-0.003,,4.95E-14,0.016518387,,
4,"Lightweight concrete, 3000 psi, 20% fly ash",kg,"Lightweight concrete, 3000 psi, 20% fly ash. Mix design matches National Ready-Mix Concrete Association (NRMCA) Industry-wide EPD.",2000.675,0.000,0.001155138,4.26E-05,0.254,-0.003,,4.29E-14,0.014837618,,
5,"Lightweight concrete, 3000 psi, 20% fly ash and 30% slag",kg,"Lightweight concrete, 3000 psi, 20% fly ash and 30% slag. Mix design matches National Ready-Mix Concrete Association (NRMCA) Industry-wide EPD.",2012.541,0.000,0.001044615,3.37E-05,0.201,-0.002,,3.32E-14,0.012487709,,
6,"Lightweight concrete, 3000 psi, 30% fly ash",kg,"Lightweight concrete, 3000 psi, 30% fly ash. Mix design matches National Ready-Mix Concrete Association (NRMCA) Industry-wide EPD.",2046.969,0.000,0.00110516,3.99E-05,0.239,-0.002,,3.96E-14,0.013985833,,
7,"Lightweight concrete, 3000 psi, 30% slag",kg,"Lightweight concrete, 3000 psi, 30% slag. Mix design matches National Ready-Mix Concrete Association (NRMCA) Industry-wide EPD.",1954.993,0.000,0.001128439,3.85E-05,0.228,-0.002,,3.93E-14,0.014014454,,
8,"Lightweight concrete, 3000 psi, 40% fly ash",kg,"Lightweight concrete, 3000 psi, 40% fly ash. Mix design matches National Ready-Mix Concrete Association (NRMCA) Industry-wide EPD.",2073.073,0.000,0.001064626,3.76E-05,0.225,-0.002,,3.66E-14,0.013226697,,
9,"Lightweight concrete, 3000 psi, 40% slag",kg,"Lightweight concrete, 3000 psi, 40% slag. Mix design matches National Ready-Mix Concrete Association (NRMCA) Industry-wide EPD.",1953.213,0.000,0.001095894,3.58E-05,0.212,-0.002,,3.63E-14,0.01329257,,
10,"Lightweight concrete, 3000 psi, 50% slag",kg,"Lightweight concrete, 3000 psi, 50% slag. Mix design matches National Ready-Mix Concrete Association (NRMCA) Industry-wide EPD.",1951.433,0.000,0.001062537,3.29E-05,0.195,-0.002,,3.32E-14,0.012553487,,
11,"Lightweight concrete, 3000 psi, Eastern regional average",kg,"Lightweight concrete, 3000 psi, Eastern regional average. Mix design matches National Ready-Mix Concrete Association (NRMCA) Industry-wide EPD.",1874.863,0.000,0.001139597,3.98E-05,0.245,-0.002,,4.21E-14,0.013896957,,
12,"Lightweight concrete, 3000 psi, Great Lakes Midwest regional average",kg,"Lightweight concrete, 3000 psi, Great Lakes Midwest regional average. Mix design matches National Ready-Mix Concrete Association (NRMCA) Industry-wide EPD.",1875.457,0.000,0.00117351,3.97E-05,0.246,-0.002,,4.23E-14,0.01396303,,
13,"Lightweight concrete, 3000 psi, National regional average",kg,"Lightweight concrete, 3000 psi, National regional average. Mix design matches National Ready-Mix Concrete Association (NRMCA) Industry-wide EPD.",1873.084,0.000,0.001176775,4.12E-05,0.247,-0.002,,4.21E-14,0.01459925,,
14,"Lightweight concrete, 3000 psi, North Central regional average",kg,"Lightweight concrete, 3000 psi, North Central regional average. Mix design matches National Ready-Mix Concrete Association (NRMCA) Industry-wide EPD.",1874.270,0.000,0.00113931,4.06E-05,0.248,-0.002,,4.21E-14,0.014170513,,
15,"Lightweight concrete, 3000 psi, Pacific Northwest regional average",kg,"Lightweight concrete, 3000 psi, Pacific Northwest regional average. Mix design matches National Ready-Mix Concrete Association (NRMCA) Industry-wide EPD.",1876.643,0.000,0.0014008,4.81E-05,0.263,-0.003,,4.38E-14,0.018050675,,
16,"Lightweight concrete, 3000 psi, Pacific Southwest regional average",kg,"Lightweight concrete, 3000 psi, Pacific Southwest regional average. Mix design matches National Ready-Mix Concrete Association (NRMCA) Industry-wide EPD.",1875.457,0.000,0.001215963,4.44E-05,0.251,-0.003,,4.26E-14,0.016118183,,
17,"Lightweight concrete, 3000 psi, Rocky Mountains regional average",kg,"Lightweight concrete, 3000 psi, Rocky Mountains regional average. Mix design matches National Ready-Mix Concrete Association (NRMCA) Industry-wide EPD.",1873.084,0.000,0.001131161,3.96E-05,0.249,-0.003,,4.27E-14,0.013569132,,
18,"Lightweight concrete, 3000 psi, South Central regional average",kg,"Lightweight concrete, 3000 psi, South Central regional average. Mix design matches National Ready-Mix Concrete Association (NRMCA) Industry-wide EPD.",1874.863,0.000,0.001123495,3.84E-05,0.237,-0.002,,4.04E-14,0.013526941,,
19,"Lightweight concrete, 3000 psi, South Eastern regional average",kg,"Lightweight concrete, 3000 psi, South Eastern regional average. Mix design matches National Ready-Mix Concrete Association (NRMCA) Industry-wide EPD.",1876.643,0.000,0.001134925,4.06E-05,0.242,-0.002,,4.09E-14,0.014330846,,
20,"Lightweight concrete, 4000 psi, 0% fly ash and slag",kg,"Lightweight concrete, 4000 psi, 0% fly ash and slag. Mix design matches National Ready-Mix Concrete Association (NRMCA) Industry-wide EPD.",1917.023,0.000,0.001368822,5.60E-05,0.329,-0.004,,5.77E-14,0.018851316,,
21,"Lightweight concrete, 4000 psi, 20% fly ash",kg,"Lightweight concrete, 4000 psi, 20% fly ash. Mix design matches National Ready-Mix Concrete Association (NRMCA) Industry-wide EPD.",1983.470,0.000,0.001262307,4.99E-05,0.294,-0.003,,5.00E-14,0.01689348,,
22,"Lightweight concrete, 4000 psi, 20% fly ash and 30% slag",kg,"Lightweight concrete, 4000 psi, 20% fly ash and 30% slag. Mix design matches National Ready-Mix Concrete Association (NRMCA) Industry-wide EPD.",1993.556,0.000,0.001122566,3.86E-05,0.227,-0.002,,3.75E-14,0.0138974,,
23,"Lightweight concrete, 4000 psi, 30% fly ash",kg,"Lightweight concrete, 4000 psi, 30% fly ash. Mix design matches National Ready-Mix Concrete Association (NRMCA) Industry-wide EPD.",2033.917,0.000,0.001200212,4.65E-05,0.275,-0.003,,4.57E-14,0.015805719,,
24,"Lightweight concrete, 4000 psi, 30% slag",kg,"Lightweight concrete, 4000 psi, 30% slag. Mix design matches National Ready-Mix Concrete Association (NRMCA) Industry-wide EPD.",1927.109,0.000,0.001230766,4.48E-05,0.263,-0.003,,4.55E-14,0.015895958,,
25,"Lightweight concrete, 4000 psi, 40% fly ash",kg,"Lightweight concrete, 4000 psi, 40% fly ash. Mix design matches National Ready-Mix Concrete Association (NRMCA) Industry-wide EPD.",2062.988,0.000,0.001149177,4.34E-05,0.258,-0.003,,4.18E-14,0.01483457,,
26,"Lightweight concrete, 4000 psi, 40% slag",kg,"Lightweight concrete, 4000 psi, 40% slag. Mix design matches National Ready-Mix Concrete Association (NRMCA) Industry-wide EPD.",1924.736,0.000,0.00118841,4.13E-05,0.241,-0.002,,4.15E-14,0.014956225,,
27,"Lightweight concrete, 4000 psi, 50% slag",kg,"Lightweight concrete, 4000 psi, 50% slag. Mix design matches National Ready-Mix Concrete Association (NRMCA) Industry-wide EPD.",1940.161,0.000,0.001135922,3.74E-05,0.218,-0.002,,3.73E-14,0.013902309,,
28,"Lightweight concrete, 4000 psi, Eastern regional average",kg,"Lightweight concrete, 4000 psi, Eastern regional average. Mix design matches National Ready-Mix Concrete Association (NRMCA) Industry-wide EPD.",1873.640,0.000,0.001218708,4.50E-05,0.275,-0.003,,4.74E-14,0.015343091,,
29,"Lightweight concrete, 4000 psi, Great Lakes Midwest regional average",kg,"Lightweight concrete, 4000 psi, Great Lakes Midwest regional average. Mix design matches National Ready-Mix Concrete Association (NRMCA) Industry-wide EPD.",1873.046,0.000,0.001251519,4.48E-05,0.276,-0.003,,4.75E-14,0.015399293,,
30,"Lightweight concrete, 4000 psi, National regional average",kg,"Lightweight concrete, 4000 psi, National regional average. Mix design matches National Ready-Mix Concrete Association (NRMCA) Industry-wide EPD.",1874.233,0.000,0.001248005,4.61E-05,0.274,-0.003,,4.68E-14,0.015991354,,
31,"Lightweight concrete, 4000 psi, North Central regional average",kg,"Lightweight concrete, 4000 psi, North Central regional average. Mix design matches National Ready-Mix Concrete Association (NRMCA) Industry-wide EPD.",1876.013,0.000,0.001209392,4.58E-05,0.276,-0.003,,4.70E-14,0.01562339,,
32,"Lightweight concrete, 4000 psi, Pacific Northwest regional average",kg,"Lightweight concrete, 4000 psi, Pacific Northwest regional average. Mix design matches National Ready-Mix Concrete Association (NRMCA) Industry-wide EPD.",1873.046,0.000,0.0015256,5.53E-05,0.296,-0.003,,4.94E-14,0.020455128,,
33,"Lightweight concrete, 4000 psi, Pacific Southwest regional average",kg,"Lightweight concrete, 4000 psi, Pacific Southwest regional average. Mix design matches National Ready-Mix Concrete Association (NRMCA) Industry-wide EPD.",1877.199,0.000,0.001281772,4.91E-05,0.277,-0.003,,4.72E-14,0.01739908,,
34,"Lightweight concrete, 4000 psi, Rocky Mountains regional average",kg,"Lightweight concrete, 4000 psi, Rocky Mountains regional average. Mix design matches National Ready-Mix Concrete Association (NRMCA) Industry-wide EPD.",1874.233,0.000,0.001196248,4.43E-05,0.276,-0.003,,4.76E-14,0.014841282,,
35,"Lightweight concrete, 4000 psi, South Central regional average",kg,"Lightweight concrete, 4000 psi, South Central regional average. Mix design matches National Ready-Mix Concrete Association (NRMCA) Industry-wide EPD.",1876.013,0.000,0.001185354,4.27E-05,0.261,-0.003,,4.47E-14,0.014719322,,
36,"Lightweight concrete, 4000 psi, South Eastern regional average",kg,"Lightweight concrete, 4000 psi, South Eastern regional average. Mix design matches National Ready-Mix Concrete Association (NRMCA) Industry-wide EPD.",1874.233,0.000,0.001206328,4.53E-05,0.267,-0.003,,4.52E-14,0.015684675,,
37,"Lightweight concrete, 5000 psi, 0% fly ash and slag",kg,"Lightweight concrete, 5000 psi, 0% fly ash and slag. Mix design matches National Ready-Mix Concrete Association (NRMCA) Industry-wide EPD.",1873.269,0.000,0.001482014,6.29E-05,0.368,-0.005,,6.48E-14,0.020882021,,
38,"Lightweight concrete, 5000 psi, 20% fly ash",kg,"Lightweight concrete, 5000 psi, 20% fly ash. Mix design matches National Ready-Mix Concrete Association (NRMCA) Industry-wide EPD.",1960.481,0.000,0.001346247,5.52E-05,0.324,-0.004,,5.52E-14,0.018430135,,
39,"Lightweight concrete, 5000 psi, 20% fly ash and 30% slag",kg,"Lightweight concrete, 5000 psi, 20% fly ash and 30% slag. Mix design matches National Ready-Mix Concrete Association (NRMCA) Industry-wide EPD.",1987.771,0.000,0.001176498,4.19E-05,0.245,-0.002,,4.06E-14,0.014880448,,
40,"Lightweight concrete, 5000 psi, 30% fly ash",kg,"Lightweight concrete, 5000 psi, 30% fly ash. Mix design matches National Ready-Mix Concrete Association (NRMCA) Industry-wide EPD.",2026.946,0.000,0.001267664,5.10E-05,0.300,-0.003,,5.00E-14,0.017079813,,
41,"Lightweight concrete, 5000 psi, 30% slag",kg,"Lightweight concrete, 5000 psi, 30% slag. Mix design matches National Ready-Mix Concrete Association (NRMCA) Industry-wide EPD.",1909.459,0.000,0.001304104,4.93E-05,0.287,-0.003,,4.98E-14,0.017224855,,
42,"Lightweight concrete, 5000 psi, 40% fly ash",kg,"Lightweight concrete, 5000 psi, 40% fly ash. Mix design matches National Ready-Mix Concrete Association (NRMCA) Industry-wide EPD.",2061.949,0.000,0.001207166,4.74E-05,0.280,-0.003,,4.54E-14,0.015935385,,
43,"Lightweight concrete, 5000 psi, 40% slag",kg,"Lightweight concrete, 5000 psi, 40% slag. Mix design matches National Ready-Mix Concrete Association (NRMCA) Industry-wide EPD.",1906.492,0.000,0.001255309,4.52E-05,0.262,-0.003,,4.53E-14,0.016140253,,
44,"Lightweight concrete, 5000 psi, 50% slag",kg,"Lightweight concrete, 5000 psi, 50% slag. Mix design matches National Ready-Mix Concrete Association (NRMCA) Industry-wide EPD.",1930.817,0.000,0.001191211,4.06E-05,0.235,-0.002,,4.03E-14,0.01488963,,
45,"Lightweight concrete, 5000 psi, Eastern regional average",kg,"Lightweight concrete, 5000 psi, Eastern regional average. Mix design matches National Ready-Mix Concrete Association (NRMCA) Industry-wide EPD.",1876.569,0.000,0.001289694,5.01E-05,0.304,-0.004,,5.27E-14,0.016754685,,
46,"Lightweight concrete, 5000 psi, Great Lakes Midwest regional average",kg,"Lightweight concrete, 5000 psi, Great Lakes Midwest regional average. Mix design matches National Ready-Mix Concrete Association (NRMCA) Industry-wide EPD.",1875.383,0.000,0.001321102,4.99E-05,0.304,-0.003,,5.26E-14,0.016799162,,
47,"Lightweight concrete, 5000 psi, National regional average",kg,"Lightweight concrete, 5000 psi, National regional average. Mix design matches National Ready-Mix Concrete Association (NRMCA) Industry-wide EPD.",1874.789,0.000,0.001319533,5.10E-05,0.301,-0.003,,5.16E-14,0.017386358,,
48,"Lightweight concrete, 5000 psi, North Central regional average",kg,"Lightweight concrete, 5000 psi, North Central regional average. Mix design matches National Ready-Mix Concrete Association (NRMCA) Industry-wide EPD.",1872.416,0.000,0.001290429,5.11E-05,0.305,-0.003,,5.21E-14,0.017167056,,
49,"Lightweight concrete, 5000 psi, Pacific Northwest regional average",kg,"Lightweight concrete, 5000 psi, Pacific Northwest regional average. Mix design matches National Ready-Mix Concrete Association (NRMCA) Industry-wide EPD.",1874.196,0.000,0.001644108,6.26E-05,0.330,-0.004,,5.50E-14,0.022864265,,
50,"Lightweight concrete, 5000 psi, Pacific Southwest regional average",kg,"Lightweight concrete, 5000 psi, Pacific Southwest regional average. Mix design matches National Ready-Mix Concrete Association (NRMCA) Industry-wide EPD.",1873.009,0.000,0.001354774,5.36E-05,0.303,-0.004,,5.18E-14,0.018690831,,
51,"Lightweight concrete, 5000 psi, Rocky Mountains regional average",kg,"Lightweight concrete, 5000 psi, Rocky Mountains regional average. Mix design matches National Ready-Mix Concrete Association (NRMCA) Industry-wide EPD.",1873.603,0.000,0.001261687,4.91E-05,0.304,-0.004,,5.24E-14,0.016110283,,
52,"Lightweight concrete, 5000 psi, South Central regional average",kg,"Lightweight concrete, 5000 psi, South Central regional average. Mix design matches National Ready-Mix Concrete Association (NRMCA) Industry-wide EPD.",1873.009,0.000,0.00125799,4.72E-05,0.287,-0.003,,4.92E-14,0.016004345,,
53,"Lightweight concrete, 5000 psi, South Eastern regional average",kg,"Lightweight concrete, 5000 psi, South Eastern regional average. Mix design matches National Ready-Mix Concrete Association (NRMCA) Industry-wide EPD.",1876.569,0.000,0.001266149,4.96E-05,0.290,-0.003,,4.92E-14,0.016932799,,
54,"Structural concrete, 3000 psi, 0% fly ash and slag",kg,"Structural concrete, 3000 psi, 0% fly ash and slag. Mix design matches National Ready-Mix Concrete Association (NRMCA) Industry-wide EPD.",2245.661,0.000,0.00040214,2.89E-05,0.156,-0.003,,2.91E-14,0.009011364,,
55,"Structural concrete, 3000 psi, 20% fly ash",kg,"Structural concrete, 3000 psi, 20% fly ash. Mix design matches National Ready-Mix Concrete Association (NRMCA) Industry-wide EPD.",2213.216,0.000,0.000364852,2.64E-05,0.142,-0.002,,2.56E-14,0.008175783,,
56,"Structural concrete, 3000 psi, 20% fly ash and 30% slag",kg,"Structural concrete, 3000 psi, 20% fly ash and 30% slag. Mix design matches National Ready-Mix Concrete Association (NRMCA) Industry-wide EPD.",2208.025,0.000,0.000281538,1.96E-05,0.100,-0.001,,1.80E-14,0.006346542,,
57,"Structural concrete, 3000 psi, 30% fly ash",kg,"Structural concrete, 3000 psi, 30% fly ash. Mix design matches National Ready-Mix Concrete Association (NRMCA) Industry-wide EPD.",2196.030,0.000,0.000344492,2.50E-05,0.134,-0.002,,2.36E-14,0.007719585,,
58,"Structural concrete, 3000 psi, 30% slag",kg,"Structural concrete, 3000 psi, 30% slag. Mix design matches National Ready-Mix Concrete Association (NRMCA) Industry-wide EPD.",2239.914,0.000,0.000322634,2.24E-05,0.117,-0.002,,2.18E-14,0.007271381,,
59,"Structural concrete, 3000 psi, 40% fly ash",kg,"Structural concrete, 3000 psi, 40% fly ash. Mix design matches National Ready-Mix Concrete Association (NRMCA) Industry-wide EPD.",2177.416,0.000,0.000322974,2.36E-05,0.125,-0.002,,2.16E-14,0.007234442,,
60,"Structural concrete, 3000 psi, 40% slag",kg,"Structural concrete, 3000 psi, 40% slag. Mix design matches National Ready-Mix Concrete Association (NRMCA) Industry-wide EPD.",2238.505,0.000,0.000297095,2.03E-05,0.104,-0.001,,1.96E-14,0.006709451,,
61,"Structural concrete, 3000 psi, 50% slag",kg,"Structural concrete, 3000 psi, 50% slag. Mix design matches National Ready-Mix Concrete Association (NRMCA) Industry-wide EPD.",2236.502,0.000,0.000271017,1.81E-05,0.091,-0.001,,1.72E-14,0.006135609,,
62,"Structural concrete, 3000 psi, Eastern regional average",kg,"Structural concrete, 3000 psi, Eastern regional average. Mix design matches National Ready-Mix Concrete Association (NRMCA) Industry-wide EPD.",2285.003,0.000,0.000304083,2.30E-05,0.128,-0.002,,2.38E-14,0.006977232,,
63,"Structural concrete, 3000 psi, Great Lakes Midwest regional average",kg,"Structural concrete, 3000 psi, Great Lakes Midwest regional average. Mix design matches National Ready-Mix Concrete Association (NRMCA) Industry-wide EPD.",2311.700,0.000,0.00029061,2.24E-05,0.126,-0.002,,2.34E-14,0.006749336,,
64,"Structural concrete, 3000 psi, National regional average",kg,"Structural concrete, 3000 psi, National regional average. Mix design matches National Ready-Mix Concrete Association (NRMCA) Industry-wide EPD.",2306.360,0.000,0.000343943,2.47E-05,0.132,-0.002,,2.41E-14,0.007743014,,
65,"Structural concrete, 3000 psi, North Central regional average",kg,"Structural concrete, 3000 psi, North Central regional average. Mix design matches National Ready-Mix Concrete Association (NRMCA) Industry-wide EPD.",2284.409,0.000,0.000305015,2.38E-05,0.132,-0.002,,2.42E-14,0.007134072,,
66,"Structural concrete, 3000 psi, Pacific Northwest regional average",kg,"Structural concrete, 3000 psi, Pacific Northwest regional average. Mix design matches National Ready-Mix Concrete Association (NRMCA) Industry-wide EPD.",2382.893,0.000,0.000450891,2.79E-05,0.134,-0.002,,2.40E-14,0.009557662,,
67,"Structural concrete, 3000 psi, Pacific Southwest regional average",kg,"Structural concrete, 3000 psi, Pacific Southwest regional average. Mix design matches National Ready-Mix Concrete Association (NRMCA) Industry-wide EPD.",2257.712,0.000,0.000450306,2.93E-05,0.145,-0.002,,2.59E-14,0.009861189,,
68,"Structural concrete, 3000 psi, Rocky Mountains regional average",kg,"Structural concrete, 3000 psi, Rocky Mountains regional average. Mix design matches National Ready-Mix Concrete Association (NRMCA) Industry-wide EPD.",2311.700,0.000,0.000285929,2.24E-05,0.130,-0.002,,2.43E-14,0.006443794,,
69,"Structural concrete, 3000 psi, South Central regional average",kg,"Structural concrete, 3000 psi, South Central regional average. Mix design matches National Ready-Mix Concrete Association (NRMCA) Industry-wide EPD.",2273.137,0.000,0.000304088,2.28E-05,0.125,-0.002,,2.29E-14,0.007003692,,
70,"Structural concrete, 3000 psi, South Eastern regional average",kg,"Structural concrete, 3000 psi, South Eastern regional average. Mix design matches National Ready-Mix Concrete Association (NRMCA) Industry-wide EPD.",2302.801,0.000,0.000361071,2.54E-05,0.134,-0.002,,2.39E-14,0.008095885,,
71,"Structural concrete, 4000 psi, 0% fly ash and slag",kg,"Structural concrete, 4000 psi, 0% fly ash and slag. Mix design matches National Ready-Mix Concrete Association (NRMCA) Industry-wide EPD.",2259.714,0.000,0.000483317,3.50E-05,0.189,-0.003,,3.51E-14,0.010728758,,
72,"Structural concrete, 4000 psi, 20% fly ash",kg,"Structural concrete, 4000 psi, 20% fly ash. Mix design matches National Ready-Mix Concrete Association (NRMCA) Industry-wide EPD.",2217.777,0.000,0.000437469,3.19E-05,0.172,-0.003,,3.08E-14,0.00969977,,
73,"Structural concrete, 4000 psi, 20% fly ash and 30% slag",kg,"Structural concrete, 4000 psi, 20% fly ash and 30% slag. Mix design matches National Ready-Mix Concrete Association (NRMCA) Industry-wide EPD.",2210.027,0.000,0.000331276,2.31E-05,0.119,-0.002,,2.12E-14,0.00737227,,
74,"Structural concrete, 4000 psi, 30% fly ash",kg,"Structural concrete, 4000 psi, 30% fly ash. Mix design matches National Ready-Mix Concrete Association (NRMCA) Industry-wide EPD.",2195.844,0.000,0.000412293,3.02E-05,0.162,-0.002,,2.84E-14,0.009135169,,
75,"Structural concrete, 4000 psi, 30% slag",kg,"Structural concrete, 4000 psi, 30% slag. Mix design matches National Ready-Mix Concrete Association (NRMCA) Industry-wide EPD.",2251.594,0.000,0.000383378,2.67E-05,0.140,-0.002,,2.60E-14,0.008541742,,
76,"Structural concrete, 4000 psi, 40% fly ash",kg,"Structural concrete, 4000 psi, 40% fly ash. Mix design matches National Ready-Mix Concrete Association (NRMCA) Industry-wide EPD.",2172.484,0.000,0.000385295,2.84E-05,0.151,-0.002,,2.59E-14,0.008526503,,
77,"Structural concrete, 4000 psi, 40% slag",kg,"Structural concrete, 4000 psi, 40% slag. Mix design matches National Ready-Mix Concrete Association (NRMCA) Industry-wide EPD.",2248.998,0.000,0.000350333,2.40E-05,0.124,-0.002,,2.31E-14,0.007816027,,
78,"Structural concrete, 4000 psi, 50% slag",kg,"Structural concrete, 4000 psi, 50% slag. Mix design matches National Ready-Mix Concrete Association (NRMCA) Industry-wide EPD.",2247.404,0.000,0.000317445,2.13E-05,0.107,-0.002,,2.01E-14,0.007094804,,
79,"Structural concrete, 4000 psi, Eastern regional average",kg,"Structural concrete, 4000 psi, Eastern regional average. Mix design matches National Ready-Mix Concrete Association (NRMCA) Industry-wide EPD.",2297.869,0.000,0.000354824,2.70E-05,0.151,-0.002,,2.78E-14,0.008065243,,
80,"Structural concrete, 4000 psi, Great Lakes Midwest regional average",kg,"Structural concrete, 4000 psi, Great Lakes Midwest regional average. Mix design matches National Ready-Mix Concrete Association (NRMCA) Industry-wide EPD.",2316.854,0.000,0.000340801,2.64E-05,0.148,-0.002,,2.74E-14,0.007836691,,
81,"Structural concrete, 4000 psi, National regional average",kg,"Structural concrete, 4000 psi, National regional average. Mix design matches National Ready-Mix Concrete Association (NRMCA) Industry-wide EPD.",2311.515,0.000,0.000396318,2.85E-05,0.154,-0.002,,2.78E-14,0.008847811,,
82,"Structural concrete, 4000 psi, North Central regional average",kg,"Structural concrete, 4000 psi, North Central regional average. Mix design matches National Ready-Mix Concrete Association (NRMCA) Industry-wide EPD.",2291.343,0.000,0.000357308,2.79E-05,0.155,-0.002,,2.81E-14,0.008305368,,
83,"Structural concrete, 4000 psi, Pacific Northwest regional average",kg,"Structural concrete, 4000 psi, Pacific Northwest regional average. Mix design matches National Ready-Mix Concrete Association (NRMCA) Industry-wide EPD.",2398.726,0.000,0.000539547,3.33E-05,0.159,-0.002,,2.81E-14,0.011364928,,
84,"Structural concrete, 4000 psi, Pacific Southwest regional average",kg,"Structural concrete, 4000 psi, Pacific Southwest regional average. Mix design matches National Ready-Mix Concrete Association (NRMCA) Industry-wide EPD.",2258.713,0.000,0.000501329,3.31E-05,0.166,-0.003,,2.96E-14,0.010931296,,
85,"Structural concrete, 4000 psi, Rocky Mountains regional average",kg,"Structural concrete, 4000 psi, Rocky Mountains regional average. Mix design matches National Ready-Mix Concrete Association (NRMCA) Industry-wide EPD.",2316.854,0.000,0.000333636,2.62E-05,0.152,-0.002,,2.81E-14,0.007461264,,
86,"Structural concrete, 4000 psi, South Central regional average",kg,"Structural concrete, 4000 psi, South Central regional average. Mix design matches National Ready-Mix Concrete Association (NRMCA) Industry-wide EPD.",2270.578,0.000,0.000351154,2.64E-05,0.145,-0.002,,2.64E-14,0.007993072,,
87,"Structural concrete, 4000 psi, South Eastern regional average",kg,"Structural concrete, 4000 psi, South Eastern regional average. Mix design matches National Ready-Mix Concrete Association (NRMCA) Industry-wide EPD.",2307.955,0.000,0.000412606,2.91E-05,0.153,-0.002,,2.73E-14,0.009164835,,
88,"Structural concrete, 5000 psi, 0% fly ash and slag",kg,"Structural concrete, 5000 psi, 0% fly ash and slag. Mix design matches National Ready-Mix Concrete Association (NRMCA) Industry-wide EPD.",2279.663,0.000,0.000578952,4.20E-05,0.229,-0.004,,4.22E-14,0.01276156,,
89,"Structural concrete, 5000 psi, 20% fly ash",kg,"Structural concrete, 5000 psi, 20% fly ash. Mix design matches National Ready-Mix Concrete Association (NRMCA) Industry-wide EPD.",2228.419,0.000,0.000525191,3.84E-05,0.208,-0.003,,3.70E-14,0.011550103,,
90,"Structural concrete, 5000 psi, 20% fly ash and 30% slag",kg,"Structural concrete, 5000 psi, 20% fly ash and 30% slag. Mix design matches National Ready-Mix Concrete Association (NRMCA) Industry-wide EPD.",2218.111,0.000,0.000392279,2.75E-05,0.142,-0.002,,2.49E-14,0.00864033,,
91,"Structural concrete, 5000 psi, 30% fly ash",kg,"Structural concrete, 5000 psi, 30% fly ash. Mix design matches National Ready-Mix Concrete Association (NRMCA) Industry-wide EPD.",2200.146,0.000,0.000494751,3.64E-05,0.196,-0.003,,3.41E-14,0.010864768,,
92,"Structural concrete, 5000 psi, 30% slag",kg,"Structural concrete, 5000 psi, 30% slag. Mix design matches National Ready-Mix Concrete Association (NRMCA) Industry-wide EPD.",2269.540,0.000,0.000456229,3.19E-05,0.168,-0.003,,3.10E-14,0.010072942,,
93,"Structural concrete, 5000 psi, 40% fly ash",kg,"Structural concrete, 5000 psi, 40% fly ash. Mix design matches National Ready-Mix Concrete Association (NRMCA) Industry-wide EPD.",2171.260,0.000,0.000461997,3.42E-05,0.184,-0.003,,3.10E-14,0.010127346,,
94,"Structural concrete, 5000 psi, 40% slag",kg,"Structural concrete, 5000 psi, 40% slag. Mix design matches National Ready-Mix Concrete Association (NRMCA) Industry-wide EPD.",2267.353,0.000,0.000415593,2.85E-05,0.148,-0.002,,2.73E-14,0.00918233,,
95,"Structural concrete, 5000 psi, 50% slag",kg,"Structural concrete, 5000 psi, 50% slag. Mix design matches National Ready-Mix Concrete Association (NRMCA) Industry-wide EPD.",2264.386,0.000,0.000373903,2.51E-05,0.127,-0.002,,2.35E-14,0.008270759,,
96,"Structural concrete, 5000 psi, Eastern regional average",kg,"Structural concrete, 5000 psi, Eastern regional average. Mix design matches National Ready-Mix Concrete Association (NRMCA) Industry-wide EPD.",2299.019,0.000,0.000420121,3.21E-05,0.180,-0.003,,3.30E-14,0.009461265,,
97,"Structural concrete, 5000 psi, Great Lakes Midwest regional average",kg,"Structural concrete, 5000 psi, Great Lakes Midwest regional average. Mix design matches National Ready-Mix Concrete Association (NRMCA) Industry-wide EPD.",2325.716,0.000,0.000403513,3.13E-05,0.176,-0.003,,3.24E-14,0.009192227,,
98,"Structural concrete, 5000 psi, National regional average",kg,"Structural concrete, 5000 psi, National regional average. Mix design matches National Ready-Mix Concrete Association (NRMCA) Industry-wide EPD.",2301.985,0.000,0.000464147,3.36E-05,0.181,-0.003,,3.27E-14,0.010274998,,
99,"Structural concrete, 5000 psi, North Central regional average",kg,"Structural concrete, 5000 psi, North Central regional average. Mix design matches National Ready-Mix Concrete Association (NRMCA) Industry-wide EPD.",2280.627,0.000,0.00042445,3.32E-05,0.184,-0.003,,3.31E-14,0.00980591,,
100,"Structural concrete, 5000 psi, Pacific Northwest regional average",kg,"Structural concrete, 5000 psi, Pacific Northwest regional average. Mix design matches National Ready-Mix Concrete Association (NRMCA) Industry-wide EPD.",2385.637,0.000,0.000658269,4.06E-05,0.193,-0.003,,3.37E-14,0.013783108,,
101,"Structural concrete, 5000 psi, Pacific Southwest regional average",kg,"Structural concrete, 5000 psi, Pacific Southwest regional average. Mix design matches National Ready-Mix Concrete Association (NRMCA) Industry-wide EPD.",2261.642,0.000,0.000564195,3.78E-05,0.193,-0.003,,3.42E-14,0.012247135,,
102,"Structural concrete, 5000 psi, Rocky Mountains regional average",kg,"Structural concrete, 5000 psi, Rocky Mountains regional average. Mix design matches National Ready-Mix Concrete Association (NRMCA) Industry-wide EPD.",2305.545,0.000,0.000394078,3.10E-05,0.181,-0.003,,3.31E-14,0.008747334,,
103,"Structural concrete, 5000 psi, South Central regional average",kg,"Structural concrete, 5000 psi, South Central regional average. Mix design matches National Ready-Mix Concrete Association (NRMCA) Industry-wide EPD.",2285.967,0.000,0.000406111,3.06E-05,0.169,-0.003,,3.06E-14,0.009145751,,
104,"Structural concrete, 5000 psi, South Eastern regional average",kg,"Structural concrete, 5000 psi, South Eastern regional average. Mix design matches National Ready-Mix Concrete Association (NRMCA) Industry-wide EPD.",2296.052,0.000,0.000477898,3.38E-05,0.179,-0.003,,3.17E-14,0.010515966,,
105,"Structural concrete, 6000 psi, 0% fly ash and slag",kg,"Structural concrete, 6000 psi, 0% fly ash and slag. Mix design matches National Ready-Mix Concrete Association (NRMCA) Industry-wide EPD.",2340.733,0.000,0.000593065,4.31E-05,0.235,-0.004,,4.32E-14,0.013060376,,
106,"Structural concrete, 6000 psi, 20% fly ash",kg,"Structural concrete, 6000 psi, 20% fly ash. Mix design matches National Ready-Mix Concrete Association (NRMCA) Industry-wide EPD.",2287.116,0.000,0.000537782,3.94E-05,0.213,-0.003,,3.79E-14,0.011814833,,
107,"Structural concrete, 6000 psi, 20% fly ash and 30% slag",kg,"Structural concrete, 6000 psi, 20% fly ash and 30% slag. Mix design matches National Ready-Mix Concrete Association (NRMCA) Industry-wide EPD.",2276.400,0.000,0.000401856,2.82E-05,0.146,-0.002,,2.56E-14,0.008836956,,
108,"Structural concrete, 6000 psi, 30% fly ash",kg,"Structural concrete, 6000 psi, 30% fly ash. Mix design matches National Ready-Mix Concrete Association (NRMCA) Industry-wide EPD.",2257.044,0.000,0.000507044,3.73E-05,0.202,-0.003,,3.50E-14,0.011122116,,
109,"Structural concrete, 6000 psi, 30% slag",kg,"Structural concrete, 6000 psi, 30% slag. Mix design matches National Ready-Mix Concrete Association (NRMCA) Industry-wide EPD.",2330.611,0.000,0.000467339,3.27E-05,0.173,-0.003,,3.18E-14,0.010305846,,
110,"Structural concrete, 6000 psi, 40% fly ash",kg,"Structural concrete, 6000 psi, 40% fly ash. Mix design matches National Ready-Mix Concrete Association (NRMCA) Industry-wide EPD.",2225.786,0.000,0.000473478,3.51E-05,0.189,-0.003,,3.18E-14,0.010366167,,
111,"Structural concrete, 6000 psi, 40% slag",kg,"Structural concrete, 6000 psi, 40% slag. Mix design matches National Ready-Mix Concrete Association (NRMCA) Industry-wide EPD.",2327.830,0.000,0.000425107,2.92E-05,0.152,-0.002,,2.80E-14,0.009380741,,
112,"Structural concrete, 6000 psi, 50% slag",kg,"Structural concrete, 6000 psi, 50% slag. Mix design matches National Ready-Mix Concrete Association (NRMCA) Industry-wide EPD.",2325.049,0.000,0.000382874,2.57E-05,0.131,-0.002,,2.41E-14,0.008455127,,
113,"Structural concrete, 6000 psi, Eastern regional average",kg,"Structural concrete, 6000 psi, Eastern regional average. Mix design matches National Ready-Mix Concrete Association (NRMCA) Industry-wide EPD.",2393.757,0.000,0.000426914,3.27E-05,0.183,-0.003,,3.36E-14,0.009601955,,
114,"Structural concrete, 6000 psi, Great Lakes Midwest regional average",kg,"Structural concrete, 6000 psi, Great Lakes Midwest regional average. Mix design matches National Ready-Mix Concrete Association (NRMCA) Industry-wide EPD.",2420.455,0.000,0.000410709,3.19E-05,0.180,-0.003,,3.30E-14,0.009342998,,
115,"Structural concrete, 6000 psi, National regional average",kg,"Structural concrete, 6000 psi, National regional average. Mix design matches National Ready-Mix Concrete Association (NRMCA) Industry-wide EPD.",2396.131,0.000,0.000471385,3.42E-05,0.185,-0.003,,3.33E-14,0.010422694,,
116,"Structural concrete, 6000 psi, North Central regional average",kg,"Structural concrete, 6000 psi, North Central regional average. Mix design matches National Ready-Mix Concrete Association (NRMCA) Industry-wide EPD.",2393.757,0.000,0.000429614,3.37E-05,0.187,-0.003,,3.36E-14,0.009916474,,
117,"Structural concrete, 6000 psi, Pacific Northwest regional average",kg,"Structural concrete, 6000 psi, Pacific Northwest regional average. Mix design matches National Ready-Mix Concrete Association (NRMCA) Industry-wide EPD.",2484.529,0.000,0.000669128,4.13E-05,0.197,-0.003,,3.43E-14,0.013999871,,
118,"Structural concrete, 6000 psi, Pacific Southwest regional average",kg,"Structural concrete, 6000 psi, Pacific Southwest regional average. Mix design matches National Ready-Mix Concrete Association (NRMCA) Industry-wide EPD.",2357.568,0.000,0.000572336,3.85E-05,0.196,-0.003,,3.49E-14,0.012413451,,
119,"Structural concrete, 6000 psi, Rocky Mountains regional average",kg,"Structural concrete, 6000 psi, Rocky Mountains regional average. Mix design matches National Ready-Mix Concrete Association (NRMCA) Industry-wide EPD.",2401.470,0.000,0.000401742,3.16E-05,0.184,-0.003,,3.37E-14,0.008906195,,
120,"Structural concrete, 6000 psi, South Central regional average",kg,"Structural concrete, 6000 psi, South Central regional average. Mix design matches National Ready-Mix Concrete Association (NRMCA) Industry-wide EPD.",2378.332,0.000,0.000413799,3.12E-05,0.172,-0.003,,3.12E-14,0.009302093,,
121,"Structural concrete, 6000 psi, South Eastern regional average",kg,"Structural concrete, 6000 psi, South Eastern regional average. Mix design matches National Ready-Mix Concrete Association (NRMCA) Industry-wide EPD.",2394.351,0.000,0.000486653,3.45E-05,0.183,-0.003,,3.24E-14,0.010692609,,
122,"Structural concrete, 8000 psi, 0% fly ash and slag",kg,"Structural concrete, 8000 psi, 0% fly ash and slag. Mix design matches National Ready-Mix Concrete Association (NRMCA) Industry-wide EPD.",2356.159,0.000,0.000678523,4.94E-05,0.270,-0.005,,4.96E-14,0.01486667,,
123,"Structural concrete, 8000 psi, 20% fly ash",kg,"Structural concrete, 8000 psi, 20% fly ash. Mix design matches National Ready-Mix Concrete Association (NRMCA) Industry-wide EPD.",2291.269,0.000,0.000615973,4.53E-05,0.246,-0.004,,4.36E-14,0.01345452,,
124,"Structural concrete, 8000 psi, 20% fly ash and 30% slag",kg,"Structural concrete, 8000 psi, 20% fly ash and 30% slag. Mix design matches National Ready-Mix Concrete Association (NRMCA) Industry-wide EPD.",2279.774,0.000,0.000456026,3.21E-05,0.167,-0.003,,2.90E-14,0.009952637,,
125,"Structural concrete, 8000 psi, 30% fly ash",kg,"Structural concrete, 8000 psi, 30% fly ash. Mix design matches National Ready-Mix Concrete Association (NRMCA) Industry-wide EPD.",2257.638,0.000,0.000580769,4.29E-05,0.232,-0.004,,4.02E-14,0.012659788,,
126,"Structural concrete, 8000 psi, 30% slag",kg,"Structural concrete, 8000 psi, 30% slag. Mix design matches National Ready-Mix Concrete Association (NRMCA) Industry-wide EPD.",2344.849,0.000,0.000531618,3.73E-05,0.197,-0.003,,3.63E-14,0.011648413,,
127,"Structural concrete, 8000 psi, 40% fly ash",kg,"Structural concrete, 8000 psi, 40% fly ash. Mix design matches National Ready-Mix Concrete Association (NRMCA) Industry-wide EPD.",2220.855,0.000,0.000541805,4.03E-05,0.217,-0.003,,3.64E-14,0.011782976,,
128,"Structural concrete, 8000 psi, 40% slag",kg,"Structural concrete, 8000 psi, 40% slag. Mix design matches National Ready-Mix Concrete Association (NRMCA) Industry-wide EPD.",2340.103,0.000,0.000481591,3.32E-05,0.172,-0.003,,3.17E-14,0.010554634,,
129,"Structural concrete, 8000 psi, 50% slag",kg,"Structural concrete, 8000 psi, 50% slag. Mix design matches National Ready-Mix Concrete Association (NRMCA) Industry-wide EPD.",2337.322,0.000,0.000432227,2.91E-05,0.148,-0.002,,2.72E-14,0.009473188,,
130,"Structural concrete, 8000 psi, Eastern regional average",kg,"Structural concrete, 8000 psi, Eastern regional average. Mix design matches National Ready-Mix Concrete Association (NRMCA) Industry-wide EPD.",2400.691,0.000,0.000497506,3.82E-05,0.215,-0.004,,3.92E-14,0.011114193,,
131,"Structural concrete, 8000 psi, Great Lakes Midwest regional average",kg,"Structural concrete, 8000 psi, Great Lakes Midwest regional average. Mix design matches National Ready-Mix Concrete Association (NRMCA) Industry-wide EPD.",2432.135,0.000,0.000477704,3.72E-05,0.210,-0.004,,3.83E-14,0.010793963,,
132,"Structural concrete, 8000 psi, National regional average",kg,"Structural concrete, 8000 psi, National regional average. Mix design matches National Ready-Mix Concrete Association (NRMCA) Industry-wide EPD.",2403.064,0.000,0.000538944,3.92E-05,0.212,-0.003,,3.81E-14,0.011847463,,
133,"Structural concrete, 8000 psi, North Central regional average",kg,"Structural concrete, 8000 psi, North Central regional average. Mix design matches National Ready-Mix Concrete Association (NRMCA) Industry-wide EPD.",2401.878,0.000,0.000496672,3.90E-05,0.216,-0.003,,3.86E-14,0.011417817,,
134,"Structural concrete, 8000 psi, Pacific Northwest regional average",kg,"Structural concrete, 8000 psi, Pacific Northwest regional average. Mix design matches National Ready-Mix Concrete Association (NRMCA) Industry-wide EPD.",2478.410,0.000,0.000798519,4.91E-05,0.233,-0.004,,4.04E-14,0.016636962,,
135,"Structural concrete, 8000 psi, Pacific Southwest regional average",kg,"Structural concrete, 8000 psi, Pacific Southwest regional average. Mix design matches National Ready-Mix Concrete Association (NRMCA) Industry-wide EPD.",2355.009,0.000,0.000635091,4.31E-05,0.222,-0.004,,3.95E-14,0.013729126,,
136,"Structural concrete, 8000 psi, Rocky Mountains regional average",kg,"Structural concrete, 8000 psi, Rocky Mountains regional average. Mix design matches National Ready-Mix Concrete Association (NRMCA) Industry-wide EPD.",2408.997,0.000,0.000462137,3.64E-05,0.212,-0.004,,3.86E-14,0.010193503,,
137,"Structural concrete, 8000 psi, South Central regional average",kg,"Structural concrete, 8000 psi, South Central regional average. Mix design matches National Ready-Mix Concrete Association (NRMCA) Industry-wide EPD.",2373.994,0.000,0.000473208,3.57E-05,0.198,-0.003,,3.57E-14,0.010550581,,
138,"Structural concrete, 8000 psi, South Eastern regional average",kg,"Structural concrete, 8000 psi, South Eastern regional average. Mix design matches National Ready-Mix Concrete Association (NRMCA) Industry-wide EPD.",2395.945,0.000,0.000549498,3.90E-05,0.207,-0.003,,3.65E-14,0.011996187,,
139,GFRC panel,kg,Glass fiber reinforced concrete (GFRC) panels by fibreC. 13 mm thick. EPD representative of German (DE) conditions.,28.750,0.000,0.00217,9.03E-05,0.741,-0.015,,5.25E-09,0.0337,,
140,GFRC,kg,"Glass fiber reinforced concrete (GFRC), applied manually. Appropriate for exterior facade panels and precast elements.",2291.000,0.000,0.000918,3.98E-05,0.246,-0.003,,8.41E-14,0.0113,,
141,Admixture,kg,Concrete mix ingredient: Average admixture,1050.000,0.000,0.00539,0.000549,3.210,0.040,,7.53E-13,0.0961,,
142,Coarse aggregate,kg,Concrete mix ingredient: Gravel,2700.000,0.000,1.46E-05,1.26E-06,0.002,0.000,,3.63E-15,0.000386,,
143,Expanded shale,kg,Concrete mix ingredient: Expanded shale; 45 pcf,720.000,0.000,0.00252,4.15E-05,0.287,0.000,,4.71E-14,0.019,,
144,Expanded slag,kg,Concrete mix ingredient: Expanded slag,2900.000,0.000,0,0,0.000,0.000,,0,0,,
145,Fly ash,kg,Concrete mix ingredient: Fly ash; 50 pcf,2580.000,0.000,0.000371,3.54E-05,0.201,0.000,,3.34E-15,0.00646,,
146,Glass fibers,kg,Concrete mix ingredient: Glass fibers; 168 pcf,2690.000,0.000,0.0123,0.000295,1.860,0.010,,1.15E-12,0.0839,,
147,Hemp hurds,kg,Concrete mix ingredient: Hemp hurds for use in hempcrete production,117.000,1.600,0.00104,0.00247,0.169,-1.559,,1.17E-13,0.0157,,
148,Water,kg,Concrete mix ingredient: Tap water,1000.000,0.000,6.08E-07,3.55E-07,0.000,0.000,,2.38E-16,1.06E-05,,
149,Perlite,kg,Concrete mix ingredient: Perlite; 30 pcf,480.000,0.000,0.000499,3.16E-05,0.454,0.000,,3.80E-14,0.0125,,
150,Portland cement,kg,Concrete mix ingredient: portland cement. Data is based on Industry-wide EPD from the Portland Cement Association.,3150.000,0.000,0.0022,0.000174,1.030,-0.020,,1.90E-13,0.0469,,
151,Sand,kg,Concrete mix ingredient: Sand,2670.000,0.000,8.42E-05,5.23E-06,0.043,0.000,,7.29E-15,0.00234,,
152,Lime,kg,Concrete mix ingredient: Lime for custom concrete products such as mortar or hempcrete,2210.000,0.000,0.000281,1.65E-05,0.938,0.000,,0,0.00754,,
153,"Concrete masonry unit (CMU), hollow-core",kg,"Hollow-Core Concrete Masonry Unit (CMU), excludes grout and mortar",927.000,0.000,0.000232,1.55E-05,0.112,0.000,,2.70E-14,0.00505,,
154,"Concrete masonry unit (CMU), solid",kg,"Solid Concrete Masonry Unit (CMU), excludes mortar",2162.500,0.000,0.000232,1.55E-05,0.112,0.000,,2.70E-14,0.00505,,
155,Lime mortar (Mortar type K),kg,"Lime mortar, traditionally used for historic masonry.",1161.000,0.000,0.000471,0.000127,0.281,0.002,,7.01E-14,0.00876,,
156,Mortar type N,kg,Mortar Type N (moderate strength mortar) for use in masonry walls and flooring.,1350.000,0.000,0.000178,3.34E-05,0.099,0.000,,2.10E-14,0.00333,,
157,Mortar type S,kg,Mortar Type S (medium strength mortar) for use with masonry walls and flooring.,1400.000,0.000,0.000454,3.49E-05,0.246,-0.004,,4.15E-14,0.0101,,
158,"Brick, generic",kg,"Common extruded brick, excludes mortar.",2000.000,0.000,0.000503,2.64E-05,0.289,0.000,,6.80E-14,0.00835,,
159,"Glazed brick, generic",kg,"Common brick, with factory-applied glaze. Excludes mortar.",2000.000,0.000,0.000501,3.33E-05,0.262,0.001,,6.81E-14,0.00834,,
160,"Stone slab, granite",kg,"Cut granite stone slab, such as for use in a veneer wall.",2600.000,0.000,0.00577,0.000219,0.558,0.000,,5.76E-13,0.0994,,
161,"Stone slab, limestone",kg,"Cut limestone slab, such as for use in a veneer wall assembly.",2400.000,0.000,0.00486,0.000175,0.307,0.000,,2.11E-13,0.0875,,
162,"Aluminum, cast",kg,Cast aluminum part. Data based on industry-wide EPDs for primary (EPD ID 4786092064.104.1) and secondary ingot (EPD ID 4786092064.105.1) from the Aluminum Association.,2750.000,0.000,0.00465,0.000162,1.640,0.000,,1.05E-10,0.0492,,
163,"Aluminum, formed",kg,Formed aluminum member. Data based on industry-wide EPD for cold-rolled aluminum from the Aluminum Association (EPD ID 4786092064.101.1).,2750.000,0.000,0.0302,0.000592,5.620,-0.030,,4.99E-10,0.263,,
164,"Aluminum, sheet",kg,"Aluminum sheet, formed and cut. Data based on industry-wide EPD for cold-rolled aluminum from the Aluminum Association (EPD ID 4786092064.101.1).",2750.000,0.000,0.0302,0.000592,5.620,-0.030,,4.99E-10,0.263,,
165,"Anodized aluminum, sheet",kg,"Anodized aluminum sheet, formed and cut. Data based on industry-wide EPD for anodized aluminum from the Aluminum Extruders Council (EPD ID 11240237.101.1).",2750.000,0.000,0.0366,0.00111,7.120,-0.020,,7.76E-10,0.315,,
166,"Fasteners, aluminum (anodized)",kg,"Extruded and anodized aluminum part, appropriate for use as fasteners and specialized hardware (bolts, rails, clips, etc.). Data based on industry-wide EPD for anodized aluminum from the Aluminum Extruders Council (EPD ID 11240237.101.1).",2712.000,0.000,0.0533,0.00156,9.060,-0.070,,1.18E-09,0.515,,
167,"Fasteners, brass",kg,"Die-cast brass part, appropriate for use as fasteners and specialized hardware (bolts, rails, clips, etc.).",8700.000,0.000,0.00545,0.00023,1.060,0.000,,2.41E-12,0.0527,,
168,"Fasteners, copper",kg,"Copper part, appropriate for use as fasteners and specialized hardware (bolts, rails, clips, etc.).",8940.000,0.000,0.06,0.00172,4.850,0.010,,1.36E-10,0.469,,
169,"Fasteners, galvanized steel",kg,"Galvanized steel part, appropriate for use as fasteners and specialized hardware (bolts, rails, clips, etc.).",7850.000,0.000,0.0124,0.000498,4.050,-0.010,,-1.65E-08,0.157,,
170,"Fasteners, stainless steel",kg,"Stainless steel part, appropriate for use as fasteners and specialized hardware (bolts, rails, clips, etc.). Data based on industry-wide EPDs for primary and secondary metal from the World Steel Association.",8000.000,0.000,0.0726,0.00842,5.780,-0.380,,3.53E-07,0.375,,
171,"Steel, cold formed structural framing",kg,"Cold-rolled or formed structural steel, such as used in steel studs.",7850.000,0.000,0.00951,0.000431,2.450,-0.020,,3.11E-08,0.133,,
172,"Steel, hot rolled structural steel",kg,Hot rolled structural steel. Industry-wide EPD from the American Institute of Steel Construction.,7850.000,0.000,0.00521,0.000111,0.968,-0.001,,1.77E-10,0.025,,
173,"Steel, extruded, chromium 18/8",kg,"Stainless steel, extruded, Type 304 (Chromium 18/8)",8000.000,0.000,0.0491,0.0061,4.740,-0.230,,2.30E-07,0.328,,
174,"Steel, galvanized",kg,"Hot dipped galvanized steel profile, for use with cladding systems.",7850.000,0.000,0.0137,0.000589,2.580,-0.050,,5.82E-08,0.2,,
175,"Steel decking, galvanized",kg,"Hot dip galvanized steel roof decking, corrugated profile. Default roof decking is galvanized to G90 standards, coated on both sides of 20 gauge steel deck, roll formed and precut.",7850.000,0.000,0.0137,0.000589,2.580,-0.050,,5.82E-08,0.2,,
176,Galvanized steel support,kg,"Hot dipped galvanized steel profile, for use with cladding systems.",7850.000,0.000,0.0137,0.000589,2.580,-0.050,,5.82E-08,0.2,,
177,"Steel, joist",kg,"Welded steel joists, appropriate for the full range of standard steel joists and joist girders. Industry-wide EPD from the Steel Joist Institute.",7850.000,0.000,0.00626,0.000201,1.380,-0.010,,4.91E-09,0.0527,,
178,"Steel, tube",kg,"Steel tube by Bull Moose Tube, appropriate for use as hollow structural sections, mechanical tube, and sprinkler pipe. EPD representative of conditions in the US.",7800.000,0.000,0.00809,0.000403,2.210,-0.020,,2.29E-08,0.108,,
179,"Steel, sheet",kg,Steel sheet,7850.000,0.000,0.00906,0.000411,2.330,-0.010,,2.97E-08,0.127,,
180,"Epoxy coating, metal stock",kg,"Epoxy coating, for metal stock",0.762,0.000,0.0153,0.00208,11.000,0.400,,6.39E-12,0.303,,
181,"Fluoropolymer coating, metal stock",kg,Standard fluoropolymer coating for metals. This entry is used as a part of the larger MCA EPD for Roll Formed Steel Panels (EPD ID 13CA27321.101.1).,0.323,0.000,0.0806,0.00346,20.200,-2.000,,9.39E-06,1.22,,
182,"Powder coating, metal stock",kg,"Powder coating, for metal stock",0.390,0.000,0.0118,0.00138,10.700,0.000,,4.37E-12,0.217,,
183,Zinc coating (galvanized) for steel G59,kg,"Zinc coating: G60 coating designation, typically used for facade panels",0.183,0.000,0.0474,0.00242,12.700,0.200,,-6.64E-11,0.7,,
184,Ash lumber,kg,"Kiln-dried American Ash hardwood lumber of 4"" nominal thickness as produced in the United States, focusing on the main production technologies. Ash is frequently used for mouldings, flooring, furniture, and doors. Link for interactive LCA data tool is provided at the link listed as ""EPD Information""; full LCA report is available at http://naturespackaging.org/wp-content/uploads/2016/02/LifeCycleAssessment-Lumber.pdf.",673.000,1.600,0.00504,0.000548,1.230,-1.699,,1.14E-12,0.104,,
185,Beech lumber,kg,"Kiln-dried American Beech hardwood lumber of 4"" nominal thickness as produced in the eastern United States, focusing on the main production technologies and region-specific characteristics. Beech is frequently used for flooring, furniture, doors, panels, and turned wood products. Link for interactive LCA data tool is provided at the link listed as ""EPD Information""; full LCA report is available at http://naturespackaging.org/wp-content/uploads/2016/02/LifeCycleAssessment-Lumber.pdf.",741.000,1.600,0.00456,0.000505,1.110,-1.696,,1.11E-12,0.0886,,
186,Birch lumber,kg,"Kiln-dried American Yellow Birch hardwood lumber of 4"" nominal thickness as produced in the northern and southeastern United States, focusing on the main production technologies and region-specific characteristics. Birch is frequently used for furniture, panels, and millwork. Link for interactive LCA data tool is provided at the link listed as ""EPD Information""; full LCA report is available at http://naturespackaging.org/wp-content/uploads/2016/02/LifeCycleAssessment-Lumber.pdf. Yellow birch should not be confused with paper birch, which is a softwood.",689.000,1.600,0.00514,0.00057,1.260,-1.698,,1.25E-12,0.0996,,
187,Hard maple lumber,kg,"Kiln-dried Hard Maple (sugar, rock, or black maple) hardwood lumber of 4"" nominal thickness as produced in the United States, focusing on the main production technologies. Maple is frequently used for moulding, flooring, furniture, and millwork. Link for interactive LCA data tool is provided at the link listed as ""EPD Information""; full LCA report is available at http://naturespackaging.org/wp-content/uploads/2016/02/LifeCycleAssessment-Lumber.pdf.",705.000,1.600,0.00474,0.000518,1.150,-1.697,,1.10E-12,0.0961,,
188,Heavy timber,kg,Heavy timber framing using rectangular solid-wood framing members that are 5 inches nominal (114 mm actual) or larger in both width and depth,529.000,1.600,0.00159,0.00018,0.190,-2.420,,4.43E-12,0.0257,,
189,Hickory lumber,kg,"Kiln-dried American Hickory hardwood lumber of 4"" nominal thickness as produced in the eastern United States, focusing on the main production technologies and region-specific characteristics. Hickory is frequently used for flooring, furniture, and millwork. Link for interactive LCA data tool is provided at the link listed as ""EPD Information""; full LCA report is available at http://naturespackaging.org/wp-content/uploads/2016/02/LifeCycleAssessment-Lumber.pdf. Pecan and hickory are frequently processed by mills and sold together, and may be referred to jointly as ""pecan hickory"" wood.",833.000,1.600,0.00389,0.00041,0.938,-1.694,,7.87E-13,0.0872,,
190,CLT (Cross laminated timber),kg,"Engineered wood panel made of several layers of kiln-dried lumber stacked in alternating directions, bonded with structural adhesives, and pressed to form a solid rectangular panel.",490.000,1.568,0.0037,0.000217,0.371,-1.811,,6.20E-08,0.0491,,
191,Composite wood I-joist,kg,Engineered wood I-joist. Industry-wide EPD from the American Wood Council. EPD representative of conditions in the US.,550.000,1.600,0.00454,0.00019,0.460,-1.760,,7.67E-09,0.0602,,
192,Glue laminated timber (Glulam),kg,"Architectural grade structural glue-laminated timber (Glulam), an engineered wood product manufactured from end-joined, laminated, and planed lumber pressure-treated with resins. Typically used for beams, headers, columns, and arches. Entry inclusive of factory applied sealer. Industry-wide EPD from the American Wood Council.",533.970,1.568,0.0037,0.000217,0.371,-1.811,,6.20E-08,0.0491,,
193,Laminated strand lumber (LSL) / Oriented strand lumber (OSL),kg,"Engineered wood product using laminated wood strands, typically used for beams, headers, columns, and posts.",545.870,1.469,0.00394,0.000162,0.392,-1.732,,6.96E-10,0.0543,,
194,Laminated veneer lumber (LVL),kg,Laminated veneer lumber sheet stock. Industry-wide EPD from the American Wood Council. EPD representative of conditions in the US.,545.870,1.530,0.00374,0.000157,0.370,-1.790,,1.60E-09,0.0496,,
195,Oriented strandboard (OSB),kg,"Generic Oriented Strand Board (OSB or Flakeboard), engineered wood sheet product using wood strands bonded together with resin, pressed into sheets. Industry-wide EPD from the American Wood Council.",633.840,1.533,0.00394,0.000162,0.392,-1.732,,6.96E-10,0.0543,,
196,Parallel strand lumber (PSL),kg,"Engineered wood product using parallel wood strands bonded together with adhesive, typically used for beams, headers, columns, and posts.",630.000,1.440,0.00374,0.000157,0.370,-1.790,,1.60E-09,0.0496,,
197,"Plywood, exterior grade ",kg,"Plywood, unfinished",546.000,1.554,0.00292,0.000137,0.264,-1.794,,1.56E-10,0.0449,,
198,"XPS insulating sheathing, Foamular ProPink (R-4, 15 psi)",kg,"FOAMULAR PROPINK XPS (polystyrene) insulating sheathing board, HFC foaming agent. EPD representative of US manufacturing condition. FOAMULAR PROPINK insulated sheathing board is available with a variety of R-values / thicknesses, ranging from R3-R5. This entry is based on an R4 board with a total thickness of 0.75 inch and a compressive strength of 15 psi.

Note: This temporary entry is sourced directly from third-party verified EPD data and replaces a Tally entry that is undergoing a quality assurance review. This entry developed using data from ecoinvent and modeled in SimaPro but adheres to modeling standards and practices consistent with Tally database.",0.484,0.000,0.019418324,0.008770298,54.487,0.000,,3.25E-05,0.268061452,,
199,Fiberglass mat gypsum sheathing board,kg,Fiberglass treated gypsum sheathing product appropriate for use in high-moisture environments.,800.000,0.000,0.00194,0.000188,0.473,-0.020,,1.94E-08,0.0233,,
200,Fiber cement board,kg,"Medium density fiber cement board, for interior and exterior, as cladding material for curtain-type ventilated facades, roofing, for decorative interior finishing, drywall, foundation base, or permanent formwork. Default thickness 5/16"".",1350.000,0.159,0.00181,0.000399,0.645,-0.193,,4.66E-13,0.0324,,
201,"Plywood, interior grade ",kg,"Plywood, unfinished. Industry-wide EPD from the American Wood Council.",491.170,1.554,0.00292,0.000137,0.264,-1.794,,1.56E-10,0.0449,,
202,Laminated pine panel board,kg,Laminated pine woodboard (Duo-/Trio boards) consists of bonded layers of pine. Laminated woodboards in comparison to laminated timber are thicker (45mm). Appropriate for use in interior applications.,515.000,1.554,0.00168,0.000159,0.462,-1.592,,4.27E-13,0.044,,
203,Laminated spruce panel board,kg,Laminated spruce woodboard (Duo-/Trio boards) consists of layers of spruce bonded with phenolic resin-based adhesive. Laminated woodboards in comparison to laminated timber are thicker (45mm). Appropriate for use in interior applications.,500.000,1.554,0.00168,0.000159,0.462,-1.592,,4.27E-13,0.044,,
204,Medium density fiberboard (MDF),kg,"Generic Medium Density Fiberboard (MDF), engineered monolithic wood sheet product using wood residues bonded together with resin, pressed into sheets. Industry-wide EPD from the American Wood Council.",745.950,1.435,0.00828,0.000253,0.704,-1.645,,3.98E-09,0.0858,,
205,Red oak lumber,kg,"Kiln-dried American Red Oak hardwood lumber of 4"" nominal thickness as produced in the eastern United States, focusing on the main production technologies and region-specific characteristics. Red Oak is frequently used for moulding, flooring, furniture, doors, and millwork. Link for interactive LCA data tool is provided at the link listed as ""EPD Information""; full LCA report is available at http://naturespackaging.org/wp-content/uploads/2016/02/LifeCycleAssessment-Lumber.pdf.",705.000,1.600,0.00807,0.000917,1.990,-1.695,,2.06E-12,0.14,,
206,Walnut lumber,kg,"Kiln-dried American Walnut (black walnut) hardwood lumber of 4"" nominal thickness as produced in the eastern United States, focusing on the main production technologies and region-specific characteristics. Walnut is frequently used for flooring, furniture, doors, panels, and millwork. Link for interactive LCA data tool is provided at the link listed as ""EPD Information""; full LCA report is available at http://naturespackaging.org/wp-content/uploads/2016/02/LifeCycleAssessment-Lumber.pdf.",609.000,1.594,0.00608,0.000686,1.460,-1.696,,1.34E-12,0.125,,
207,White oak lumber,kg,"Kiln-dried American White Oak hardwood lumber of 4"" nominal thickness as produced in the eastern United States, focusing on the main production technologies and region-specific characteristics. White oak is frequently used for mouldings, flooring, furniture, doors, and millwork. Link for interactive LCA data tool is provided at the link listed as ""EPD Information""; full LCA report is available at http://naturespackaging.org/wp-content/uploads/2016/02/LifeCycleAssessment-Lumber.pdf.",769.000,1.594,0.00812,0.00092,2.010,-1.705,,2.05E-12,0.142,,
208,"Cellulose insulation, blown",kg,Blown-in cellulose insulation,40.000,1.371,0.000891,7.49E-05,0.188,-1.838,,4.92E-13,0.0158,,
209,"Cellulose insulation, boards",kg,"Cellulose insulation, boards",80.000,1.371,0.00817,0.0032,1.700,-1.837,,3.87E-12,0.114,,
210,"Expanded polystyrene (EPS), board",kg,EPS foam insulation board,24.000,0.000,0.00581,0.000353,3.250,0.010,,1.34E-10,0.156,,
211,"Fiberglass blanket insulation, paper faced",kg,Kraft-faced fiberglass batt; density varies from 10-14 kg/m3,12.000,0.096,0.0114,0.000644,2.350,-0.340,,1.54E-07,0.138,,
212,Glass fiber board,kg,Fiberglass duct wrap that is used to provide thermal insulation to ducts and plenums. Industry-wide EPD from the North America Insulation Manufacturers Association.,50.000,0.000,0.0207,0.000906,3.490,-0.330,,2.43E-07,0.226,,
213,"Mineral wool, high density",kg,"Rock board, heavy density. Industry-wide EPD from the North America Insulation Manufacturers Association. EPD representative of conditions in North America.",128.000,0.000,0.0123,0.00021,1.790,-0.070,,4.71E-08,0.0555,,
214,"Mineral wool, low density",kg,Rockwool (mineral wool) board; light density. Industry-wide EPD from the North America Insulation Manufacturers Association. EPD representative of conditions in North America.,40.000,0.000,0.0111,0.00027,1.510,-0.080,,3.88E-08,0.0571,,
215,"PIR rigid foam insulation, wall, R=14.6",kg,"Polyisocyanurate rigid foam wall insulation with aluminum foil over kraft paper facers, R-value of 14.6, 2.25"" thickness (57.2 mm). Industry-wide EPD from the Polyisocyanurate Insulation Manufacturers Association.",29.150,0.000,0.0109,0.000785,2.980,-0.110,,1.40E-07,0.128,,
216,"Spray polyurethane foam, closed cell (HFC blowing agent)",kg,"Two-component polyurethane mixture insulation spray applied at installation site. Closed-cell, or medium density foam, (ccSPF) provides a water-resistant insulation, air-sealing, water vapor control and delivers added structural performance to the building envelope. HFC blowing agent is used. R Value: 6.2 (ft2hr¬∞F/Btu)/in",40.000,0.000,0.00897,0.000685,10.000,0.000,,6.10E-08,0.132,,
217,"Spray polyurethane foam, closed cell (HFO blowing agent)",kg,"Two-component polyurethane mixture insulation spray applied at installation site. Closed-cell, or medium density foam, (ccSPF) provides a water-resistant insulation, air-sealing, water vapor control and delivers added structural performance to the building envelope. HFO blowing agent is used. R Value: 6.2 (ft2hr¬∞F/Btu)/in",40.000,0.000,0.00973,0.000733,3.150,0.000,,6.13E-08,0.141,,
218,"Spray polyurethane foam, closed cell roofing (HFC blowing agent)",kg,Two-component polyurethane mixture insulation spray applied at installation site. Closed-cell spray foam for roofing systems is used on the external surface of low slope roofs. Its higher density provides additional compressive strength needed for roofing applications. HFC blowing agent is used. R Value: 6.2 (ft2hr¬∞F/Btu)/in,53.000,0.000,0.00871,0.000689,10.100,0.000,,6.34E-08,0.13,,
219,"Spray polyurethane foam, closed cell roofing (HFO blowing agent)",kg,Two-component polyurethane mixture insulation spray applied at installation site. Closed-cell spray foam for roofing systems is used on the external surface of low slope roofs. Its higher density provides additional compressive strength needed for roofing applications. HFO blowing agent is used. R Value: 6.2 (ft2hr¬∞F/Btu)/in,53.000,0.000,0.00943,0.000736,2.890,0.010,,6.34E-08,0.139,,
220,"Spray polyurethane foam, closed cell, 2K-LP (HFC blowing agent)",kg,"Two-component polyurethane mixture insulation spray applied at installation site. Two-component, low pressure foam (2K-LP) is a closed-cell product that provides air sealing, insulation, and sound dampening properties. HFC blowing agent is used. R Value: 6.2 (ft2hr¬∞F/Btu)/in",32.000,0.000,0.0129,0.000889,23.100,-0.100,,6.71E-08,0.176,,
221,"Spray polyurethane foam, open cell",kg,Two-component polyurethane mixture insulation spray applied at installation site. Open-cell low-density spray foam (ocSPF) provides insulation and air sealing. Water is used as a blowing agent. R Value: 3.6 (ft2hr¬∞F/Btu)/in,9.600,0.000,0.0105,0.000713,3.550,0.000,,6.93E-08,0.151,,
222,XPS insulation,kg,"FOAMULAR XPS (polystyrene) insulation board, HFC foaming agent. EPD representative of US manufacturing condition. FOAMULAR insulation board is available with a variety of R-values and compressive strengths. The default value is based on a thermal resistance of RSI 1 and a compressive strength of 30 psi. If the intended R-value and compressive strength of the assembly is known, use the drop-down menu to designate a specific product.  

Note: This temporary entry is sourced directly from third-party verified EPD data and replaces a Tally entry that is undergoing a quality assurance review. This entry developed using data from ecoinvent and modeled in SimaPro but adheres to modeling standards and practices consistent with Tally database.",26.979,0.000,0.017631918,0.008301158,64.994,0.000,,4.31E-05,0.230809524,,
223,Fluid applied elastomeric air barrier,kg,Water-based asphalt emulsion with SBS polymers,1.662,0.000,0.00216,0.000129,0.810,-0.002,,1.63E-13,0.0401,,
224,Fluid applied synthetic polymer air barrier,kg,Liquid-applied rubberized membrane,2.540,0.000,0.00391,0.000192,1.550,0.010,,3.67E-13,0.059,,
225,"Roofing tiles, concrete",kg,"Extruded high profile concrete tile, hardened and painted. Self adhering asphalt felt underlay and fasteners not included in entry.",65.000,0.000,0.000394,2.89E-05,0.247,0.001,,6.34E-14,0.00861,,
226,SBS modified asphalt shingles,kg,"SBS-modified asphalt shingle assembly, including starter strip and hip and ridge shingles. User to add any felt underlayment, fiberglass leak barrier, flashing, vents, nails,  laminating adhesives, and sealant.  Industry-wide EPD from the Asphalt Roofing Manufacturers Association.",11.600,0.000,0.00756,0.000363,1.720,-0.050,,1.54E-10,0.112,,
227,Aluminum-faced composite wall panel (ACM),kg,Aluminum facings bonded to both sides of a thermoplastic core. Overall thickness of aluminum-faced panels 0.157 (4mm). Entry includes necessary adhesives and fasteners. Industry-wide EPD from the Metal Construction Association.,8.270,0.000,0.0468,0.00111,7.950,-0.580,,3.06E-07,0.384,,
228,"Insulated metal panel (IMP), Kingspan, Laminated metal panel",kg,"Kingspan Laminated Metal Panel made of  two aluminum, zinc, or steel sheets glued to a polyisocyanurate core, cut to shape and size as required.  Appropriate for exterior applications. EPD representative of steel-faced product with a 4 inch thickness and approximate R value of 3.87.  EPD representative of Canadian manufacturing conditions.",12.356,0.000,0.011684784,0.000701061,4.457,-0.109,,-7.05E-09,0.21012661,,
229,Vinyl siding,kg,"Rigid vinyl siding, (0.04"" thickness) factory formed and cut. Entry exclusive of wood stud, separate weather barrier, or other support material.",1400.000,0.000,0.007,0.000429,3.210,0.010,,1.89E-10,0.115,,
230,"EPDM, sheet, non-reinforced ",kg,"Non-reinforced ethylene propylene diene terpolymer (EPDM) synthetic rubber roofing membrane, default thickness of 60 mils (1.5 mm). Industry-wide EPD from the Single Ply Roofing Industry.",2.070,0.000,0.00832,0.000655,3.220,-0.040,,7.87E-13,0.118,,
231,"TPO membrane, sheet",kg,"Thermoplastic polyolefin (TPO) roofing membrane, default thickness 60 mils (1.5 mm). Industry-wide EPD from the Single Ply Roofing Industry.",1.550,0.000,0.008,0.000569,3.190,-0.020,,9.95E-13,0.133,,
232,"PVC membrane, sheet",kg,PVC roofing membrane,1180.000,0.000,0.00661,0.000416,3.100,0.010,,1.95E-10,0.114,,
233,"APP modified bitumen, assembly, (base & cap), ARMA - EPD",kg,Atactic polypropylene (AAP)-modified bituminous roofing consisting of a base sheet and cap sheet. Industry-wide EPD from the Asphalt Roofing Manufacturers Association.,9.770,0.000,0.00279,0.00015,0.877,-0.021,,6.36E-11,0.0457,,
234,"Asphalt BUR, assembly (cap & ply felt), ARMA - EPD",kg,Asphalt Built-up roofing (BUR) consisting of a cap sheet and 3 plys of glass-fiber felt. Industry-wide EPD from the Asphalt Roofing Manufacturers Association.,9.740,0.000,0.00179,9.92E-05,0.397,-0.015,,4.07E-11,0.0253,,
235,"Self-adhering, polymer-modified asphalt sheet underlayment",kg,"Self-adhering, polymer-modified asphalt sheet underlayment.",2.920,0.000,0.0036,0.000198,0.775,0.004,,1.42E-11,0.0494,,
236,PMMA built-up roofing,kg,"Polymethyl methacrylate (PMMA) sheet roofing, excludes adhesives, sealants, and/or fasteners",1180.000,0.000,0.016,0.00091,5.620,0.010,,2.98E-10,0.198,,
237,Aluminum curtain wall system,kg,"Average aluminum curtain wall system by YKK AP America, including enerGfacade (YCW, YHC, and YUW) and ProTek products. Entry includes curtain wall mullion product, finish, and necessary fasteners, weather stripping, sealant, etc. Glazing is excluded and should be added separately by user. EPD representative of conditions in the US.",7.900,0.000,0.064,0.00148,10.000,0.000,,7.95E-10,0.6,,
238,Aluminum extrusion,kg,Extruded aluminum part. Industry-wide EPD from the Aluminum Extruders Council.,2750.000,0.000,0.0465,0.00103,7.510,-0.080,,8.90E-10,0.457,,
239,"Aluminum extrusion, anodized",kg,Extruded and anodized aluminum part. Data based on industry-wide EPD from the Aluminum Extruders Council.,2750.000,0.000,0.0533,0.00156,9.060,-0.070,,1.18E-09,0.515,,
240,"Aluminum extrusion, mill-finished",kg,Mill-finished (uncoated) aluminum extrusions by Kawneer. EPD representative of conditions in North America.,2700.000,0.000,0.0295,0.000793,5.900,-0.090,,6.23E-09,0.221,,
241,"Aluminum extrusion, painted",kg,Painted aluminum extrusions (not thermally-improved). Industry-wide EPD from the Aluminum Extruders Council. EPD representative of conditions in North America.,2750.000,0.000,0.0519,0.00124,8.900,-0.080,,4.46E-08,0.529,,
242,Aluminum storefront system,kg,"Average aluminum storefront system by YKK AP America, including YES and YHS products. Entry includes aluminum storefront mullion product, finish, and necessary fasteners, weather stripping, sealant, etc. Glazing is excluded and should be added separately by user. EPD representative of conditions in the US.",6.200,0.000,0.064,0.00148,10.000,0.000,,7.95E-10,0.6,,
243,Aluminum window wall system,kg,"Average aluminum window wall system by YKK AP America including YCN, YWE, and YWW products. Product is typically used in ribbon window configurations, punched openings, or to span from slab edge to slab edge to mimic curtain wall. Entry includes includes aluminum framing product, finish, and necessary fasteners, weather stripping, sealant, etc. . Glazing is excluded and should be added separately by user. EPD representative of conditions in the US.",5.900,0.000,0.064,0.00148,10.000,0.000,,7.95E-10,0.6,,
244,"Spandrel, aluminum, insulated (1"" core)",kg,"Insulated aluminum spandrel panel of finished aluminum with metal backing and 1"" high density polyethylene core.",24.300,0.000,0.00785,0.000353,3.260,0.010,,3.02E-11,0.118,,
245,"Spandrel, aluminum, insulated (2""core)",kg,"Insulated aluminum spandrel panel of finished aluminum with metal backing and 2"" high density polyethylene core.",47.100,0.000,0.00718,0.000346,3.190,0.010,,1.63E-11,0.114,,
246,"Spandrel, glass, insulated (1"" core)",kg,"Insulated glass spandrel panel of 1/8"" thick plate glass, 1"" air gap, and 1"" high density fiberglass insulation with 24 guage steel backing.",23.710,0.000,0.0107,0.000453,1.620,-0.040,,3.12E-08,0.128,,
247,"Spandrel, glass, insulated (2"" core)",kg,"Insulated glass spandrel panel of 1/8"" thick plate glass, 2"" air gap, and 2"" high density fiberglass insulation with 24 guage steel backing",26.150,0.000,0.0116,0.000495,1.790,-0.060,,5.10E-08,0.137,,
248,"Curtain wall system, Kawneer",kg,"Thermally broken aluminum curtain wall system by Kawneer INCLUSIVE of glazing units, appropriate for low-to-mid-rise applications, including the 1600, 1620, 1630, 2250, and 7500 curtainwall system lines. Includes mullions, glazing, and all necessary gaskets and sealants. The reference window unit size is 1.5m x 1.6m. EPD representative of conditions in North America.",35.600,0.000,0.0321,0.000966,4.970,-0.010,,1.97E-09,0.273,,
249,"Glazing, laminated safety glass",kg,"Laminated glass, 2 lites 3 mm thick, inclusive of polyvinyl butyral. Note: this entry is appropriate for clear or tinted glass.",16.000,0.000,0.0111,0.000461,1.690,0.000,,1.10E-12,0.126,,
250,"Glazing, double pane IGU",kg,"Glazing, double, insulated (air filled), 1/8"" (4 mm) float glass clear, inclusive of sealant, and spacers",21.400,0.000,0.0107,0.000452,1.340,0.000,,5.64E-13,0.13,,
251,"Glazing, monolithic sheet, generic",kg,"Standard float glass, uncoated. Note: this entry is appropriate for clear or tinted glass. Default thickness is 3 mm.",2500.000,0.000,0.00959,0.000392,1.100,0.000,,4.71E-13,0.112,,
252,"Glazing, monolithic sheet, tempered",kg,Tempered float glass. Note: this entry is appropriate for clear or tinted glass. Default thickness is 3 mm.,2500.000,0.000,0.0104,0.000427,1.520,0.000,,7.59E-13,0.122,,
253,"Glazing, triple, insulated (air)",kg,"Glazing, triple, insulated (air filled), 1/8"" (4 mm) float glass clear, inclusive of sealant, and spacers",32.400,0.000,0.00993,0.000423,1.270,0.010,,5.40E-13,0.122,,
254,IGU spacer,kg,"Insulating glass unit (IGU) spacer and gasket used to separate two or more plies of glass. Density value assumes a 1/2"" (13/2 mm) spacer.",0.133,0.000,0.000989,8.31E-05,0.591,0.010,,2.90E-13,0.01874,,
255,"Door, exterior, wood, solid core",kg,Exterior wood door,28.900,1.594,0.00292,0.000137,0.264,-1.794,,1.56E-10,0.0449,,
256,"Door, fire-rated, wood",kg,1 hour fire-rated wood door,28.900,0.000,0.00292,0.000137,0.264,-1.794,,1.56E-10,0.0449,,
257,"Hollow door, exterior, aluminum, powder-coated",kg,"Powder-coated aluminum, exterior, with interior steel supports and polyurethane foam insulation",13.250,0.000,0.0294,0.0016,6.510,0.120,,2.05E-09,0.269,,
258,"Hollow door, exterior, steel, fire-rated",kg,"Fire-rated door, exterior, steel, inclusive of polystyrene core, no frame",16.300,0.000,0.00909,0.000419,2.470,-0.010,,2.87E-08,0.133,,
259,"Hollow door, exterior, steel, galvanized",kg,"Hollow door, exterior, steel, 18 ga. inclusive of EPS insulation, no frame",21.250,0.000,0.012,0.000519,2.340,-0.020,,4.96E-08,0.179,,
260,"Hollow door, exterior, steel, powder-coated",kg,"Hollow door, exterior, steel, 18 ga. inclusive of EPS insulation, no frame",21.250,0.000,0.0154,0.00153,3.500,0.160,,2.78E-08,0.163,,
261,"Hollow door, exterior, steel, unfinished",kg,"Hollow door, exterior, steel, 18 ga. inclusive of EPS insulation, no frame",21.250,0.000,0.00925,0.000424,2.460,-0.010,,2.96E-08,0.133,,
262,"Hollow door, interior, steel, fire-rated",kg,"Fire-rated door, interior, steel, inclusive of mineral fiber insulation, no frame",20.970,0.000,0.00886,0.000431,2.140,-0.020,,2.23E-08,0.111,,
263,"Door frame, aluminum, powder-coated, no door",kg,Aluminum door frame,2750.000,0.000,0.0536,0.00224,8.750,0.110,,8.91E-10,0.497,,
264,"Door frame, metal, galvanized, no door",kg,"Stainless steel, 18 ga door frame",7900.000,0.000,0.0146,0.000626,2.750,-0.060,,6.19E-08,0.213,,
265,"Door frame, wood, no door",kg,Wood door frame,434.000,1.594,0.0126,0.00117,4.400,-1.830,,4.99E-12,0.289,,
266,"Window frame, aluminum, powder-coated, divided operable, insulated",kg,Aluminum insulated divided operable window frame,1.020,0.000,0.0536,0.00224,8.750,0.110,,8.91E-10,0.497,,
267,"Window frame, aluminum, powder-coated, divided operable, thermal break",kg,Aluminum divided operable window frame with thermal break,1.430,0.000,0.0577,0.00253,11.400,0.100,,8.91E-10,0.584,,
268,"Window frame, vinyl, fixed",kg,Vinyl fixed window frame inclusive of steel bracing,2.800,0.000,0.00619,0.000544,2.680,-0.010,,7.52E-11,0.1,,
269,"Window frame, wood, fixed",kg,Wood fixed window frame inclusive of paint,1.300,1.594,0.0126,0.00117,4.400,-1.830,,4.99E-12,0.289,,
270,"Wall board, gypsum, fire-resistant (Type X)",kg,Fire-resistant gypsum board,1092.000,0.000,0.00031,0.000125,0.203,0.006,,4.36E-14,0.00553,,
271,"Wall board, gypsum, moisture- and mold-resistant",kg,Moisture- and mold-resistant gypsum board,756.000,0.000,0.000309,0.000126,0.210,0.007,,4.85E-14,0.00571,,
272,"Wall board, gypsum, natural",kg,Natural gypsum board,800.000,0.000,0.00022,1.56E-05,0.244,0.000,,2.64E-14,0.00542,,
273,"Adhesive, acrylic",kg,Generic acrylic construction adhesive,1040.000,0.000,0.00587,0.000405,2.740,0.040,,5.58E-11,0.0968,,
274,"Adhesive, polychloroprene (neoprene)",kg,Generic polychlorprene contact adhesive.,803.000,0.000,0.00446,0.000323,2.590,0.010,,1.46E-12,2.11,,
275,"Adhesive, polyurethane",kg,Generic polyurethane construction adhesive,1484.000,0.000,0.00963,0.000832,5.410,0.030,,3.85E-07,0.202,,
276,"Sealant, silicone",kg,Silicone sealing compound,1040.000,0.000,0.017,0.0012,6.320,-0.030,,4.83E-12,0.285,,
277,"Paint, exterior acrylic latex",kg,Acrylic-based latex paint for exterior applications. Associated reference table includes primer.,1362.000,0.000,0.00826,0.000392,1.900,0.050,,1.07E-12,0.227,,
278,"Paint, exterior metal coating, silicone-based",kg,"Silicone-based metal paint, with a default coating thickness of 100 microns",1490.000,0.000,0.0192,0.000233,1.160,0.020,,7.20E-13,0.101,,
279,"Polyurethane top coat, water-based, for wood",kg,"Water-based polyurethane wood stain, inclusive of catalyst",1020.000,0.000,0.00416,0.000358,2.330,0.010,,7.01E-12,0.749,,
280,"Wood stain, water based",kg,Semi-transparent stain for interior and exterior wood surfaces,1084.000,0.000,0.00236,0.000185,1.190,0.010,,1.80E-11,0.0711,,
281,"Fireproofing, cementitious",kg,"Cementitious fireproofing spray for structural steel and concrete. Minimum application thickness is 1/2"". Default values assume first pass = 1/2"", subsequent passes 3/4"".",750.000,0.000,0.00902,0.000124,1.140,-0.010,,1.66E-08,0.0516,,
282,"Fireproofing, intumescent paint",kg,"Intumescent fireproof coating, for use on exposed structural steel. Default application rate assumes a thickness of 45 mils.",1270.000,0.000,0.0114,0.00118,2.530,0.040,,2.24E-11,0.105,,
